,Unnamed: 0,full_name,speciality,level,area,salary,employer,schedule,remote,skills,date,python,sql,pytorch,apache,git,java,eng
0,0,Аналитик / Data Science (Москва),data scientist,unknown,Москва,1,other,1,0,"{'requirement': 'Серьезную математическую подготовку. Опыт применения методов статистического анализа и моделирования. Опыт работы с алгоритмами машинного обучения. Уверенное знание языка Python...', 'responsibility': '...работы моделей и их валидация. Анализ рисковой отчетности работы компании и подготовка рекомендаций. Участие в проектах внутри команды риск-<highlighttext>аналитиков</highlighttext>.'}",2022-11-28,1,0,1,0,0,0,Moscow
1,1,Аналитик / Data scientist,data scientist,unknown,Москва,0,other,1,1,"{'requirement': 'Знание основ мат. статистики и теории вероятности. Уверенное владение R или Python (pandas/numpy/sklearn). Желание самостоятельно исследовать данные и...', 'responsibility': 'Разработка математических моделей оценки эффективности рекламы. Разработка предиктивных моделей на основе анализа больших массивов данных. Построение стратегических прогнозов и рекомендаций...'}",2022-11-21,1,0,1,0,0,0,Moscow
2,2,Аналитик данных (data analyst / data scientist),data scientist,unknown,Москва,1,other,1,0,"{'requirement': 'Высшее образование (техническое; экономическое; математическое). Знание экономико-математических методов прогнозирования и анализа данных. Опыт работы с Python, SQL. ', 'responsibility': 'Прогнозирование спроса, построение предиктивных, оптимизационных моделей, алгоритмы на Python, статистический анализ. Ведение и оптимизация отчетности, расчет мотиваций. Выполнение AdHoc запросов...'}",2022-12-02,1,1,1,0,0,0,Moscow
3,3,Аналитик данных (Data Scientist),data scientist,unknown,Москва,1,other,1,0,"{'requirement': 'Высшее техническое образование. Опыт работы от 2-х лет. Язык программирования Python. Pandas, Numpy, Scipy, Sklearn, Matplotlib, Seaborn. ', 'responsibility': 'Разрабатывает и/или модифицирует ПО компании в рамках внутрикорпоративных разработок. Устраняет дефекты ПО компании в рамках внутрикорпоративных разработок в соответствии...'}",2022-12-08,1,0,1,0,0,0,Moscow
4,4,Аналитик данных / Data scientist,data scientist,unknown,Москва,0,other,0,0,"{'requirement': 'Обязательно: 1. Опыт работы <highlighttext>аналитиком</highlighttext> от 1 года. Ждем от кандидата проактивного подхода к решению задач и критическое восприятие результатов...', 'responsibility': '1. 20% Взаимодействие с заказчиками и подрядчиками (обсуждение аналитических задач). 2. 30% Анализ данных. 3. 30% Разработка аналитических правил для...'}",2022-12-19,0,0,1,0,0,0,Moscow
5,5,Аналитик данных / Data Scientist,data scientist,unknown,Москва,0,other,1,0,"{'requirement': 'Образование высшее: социальные науки (психология / социология / экономика) или IT / математика / физика. Знание английского (чтение профессиональной литературы). Высокий уровень самостоятельности и...', 'responsibility': 'Анализ результатов проектов и разработка рекомендаций по улучшению оценочных инструментов. Работа с психометрическими данными, внедрение IRT в тесты. '}",2022-12-17,0,0,1,0,0,0,Moscow
6,6,Аналитик данных / Data Scientist,data scientist,unknown,Москва,0,other,1,0,"{'requirement': 'Высшее математическое / техническое образование. Опыт работы с большими массивами данных. Уверенные знания SQL: агрегация, джойны, вложенные запросы, индексы, оптимизация запросов. ', 'responsibility': 'Участие в построении логической и физической модели данных. Проработка и реализация процессов по извлечению данных из различных источников (БД, сторонние...'}",2022-12-12,0,1,1,0,0,0,Moscow
7,7,Аналитик данных / Data Scientist (Middle),data scientist,middle,Владивосток,1,other,0,0,"{'requirement': 'базовые знания любого языка программирования. - знание Excel. Будет плюсом: - опыт работы <highlighttext>аналитиком</highlighttext> интернет-проектов и веб-приложений. - знания Python или...', 'responsibility': 'постановка задач для организации сбора данных. - сбор и обработка информации. - подтверждение статистической значимости результатов исследований. - документирование исследований.'}",2022-12-18,1,0,1,0,0,0,Vladivostok
8,8,Аналитик данных / Data Scientist (Middle),data scientist,middle,Новосибирск,1,other,1,0,"{'requirement': 'базовые знания любого языка программирования. - знание Excel. Будет плюсом: - опыт работы <highlighttext>аналитиком</highlighttext> интернет-проектов и веб-приложений. - знания Python или...', 'responsibility': 'постановка задач для организации сбора данных. - сбор и обработка информации. - подтверждение статистической значимости результатов исследований. - документирование исследований.'}",2022-11-29,1,0,1,0,0,0,Novosibirsk
9,9,Аналитик данных / Data Scientist (Middle),data scientist,middle,Томск,1,other,1,0,"{'requirement': 'базовые знания любого языка программирования. - знание Excel. Будет плюсом: - опыт работы <highlighttext>аналитиком</highlighttext> интернет-проектов и веб-приложений. - знания Python или...', 'responsibility': 'постановка задач для организации сбора данных. - сбор и обработка информации. - подтверждение статистической значимости результатов исследований. - документирование исследований.'}",2022-11-29,1,0,1,0,0,0,Tomsk
10,10,Аналитик данных/Middle Data scientist (Computer Vision),data scientist,middle,Санкт-Петербург,0,other,1,0,"{'requirement': 'Хорошие знания Python и умение писать на нем качественный и понятный код. Классический ML - кластеризация, классификация, регрессия и тд. ', 'responsibility': 'Системы видеоинспекции- поверхности металлопроката, которые обеспечивают определение и классификацию дефектов с помощью видеокамер, машинного зрения и нейросетей. Системы измерения геометрических...'}",2022-12-20,1,0,1,0,0,0,Saint Petersburg
11,11,Аналитик данных/Middle Data scientist (Computer Vision),data scientist,middle,Москва,0,other,1,0,"{'requirement': 'Хорошие знания Python и умение писать на нем качественный и понятный код. Классический ML - кластеризация, классификация, регрессия и тд. ', 'responsibility': 'Системы видеоинспекции- поверхности металлопроката, которые обеспечивают определение и классификацию дефектов с помощью видеокамер, машинного зрения и нейросетей. Системы измерения геометрических...'}",2022-12-20,1,0,1,0,0,0,Moscow
12,12,Аналитик данных/Middle Data scientist (Computer Vision),data scientist,middle,Череповец,0,other,1,0,"{'requirement': 'Хорошие знания Python и умение писать на нем качественный и понятный код. Классический ML - кластеризация, классификация, регрессия и тд. ', 'responsibility': 'Системы видеоинспекции- поверхности металлопроката, которые обеспечивают определение и классификацию дефектов с помощью видеокамер, машинного зрения и нейросетей. Системы измерения геометрических...'}",2022-12-20,1,0,1,0,0,0,Cherepovets
13,13,Аналитик/Data scientist (графы),data scientist,unknown,Москва,0,other,1,0,"{'requirement': 'Уверенное знание математики, статистики и машинного обучения. Знание Python и классического ML-стэка (pandas, numpy, scikit-learn, xgboost). ', 'responsibility': 'Наполнение графа на основе внутренних и внешних источников. Поиск новых типов связей, в том числе на анализе транзакционных данных и...'}",2022-12-14,1,0,1,0,0,0,Moscow
14,14,Главный специалист (Data Scientist),data scientist,unknown,Москва,1,other,1,0,"{'requirement': 'Опыт работы в Linux. Опыт работы на проектах, связанных с речевой <highlighttext>аналитикой</highlighttext>. Опыт SQL / Hibernate / Mongo DB/ Berkeley DB. ', 'responsibility': 'Развитие, оптимизация и поддержка существующих детекторов видеоаналитики (анализ движения и поведения объектов, обработка текстовой информации). Проектирование и реализация детекторов для...'}",2022-12-07,0,1,1,0,0,0,Moscow
15,15,Главный эксперт по анализу данных (data analyst/data scientist/аналитик данных),data scientist,unknown,Москва,0,other,1,0,"{'requirement': 'Опыт работы в области <highlighttext>аналитики</highlighttext> данных. Владение стеком технологий: SQL, библиотеки Python для анализа данных (Pandas, Scikit-learn, Numpy и...', 'responsibility': 'Сбор, обработка, изучение и интерпретация данных для поиска закономерностей и аномалий. Подготовка данных к моделированию, построение предиктивных моделей, анализ и...'}",2022-11-22,1,1,1,0,0,0,Moscow
16,16,Дата аналитик,data analyst,unknown,Москва,0,СБЕР,1,0,"{'requirement': 'Знание SQL на уровне написания сложных запросов. Работа в сфере обработки и анализа данных не менее 1 года. ', 'responsibility': 'Разработка методологии расчета бизнес-показателей, прототипов регулярной отчетности и требований на автоматизацию. Взаимодействие со смежными функциями (<highlighttext>Data</highlighttext> Engineers, <highlighttext>Data</highlighttext> <highlighttext>Scientists</highlighttext>...'}",2022-11-28,0,1,1,0,0,0,Moscow
17,17,Инженер данных,data engineer,unknown,Санкт-Петербург,0,other,1,0,"{'requirement': 'Java 8+, Scala или Python на хорошем уровне. Знание алгоритмов и структур данных. Знание SQL и принципов работы классических...', 'responsibility': 'Проектирование и построение <highlighttext>Data</highlighttext> warehouse компании. Подготовка витрин данных для отчетности, бизнеса и дата <highlighttext>аналитики</highlighttext>. Организация пайплайнов сбора данных от...'}",2022-12-13,1,1,1,0,0,1,Saint Petersburg
18,18,Инженер данных,data engineer,unknown,Новосибирск,0,other,1,0,"{'requirement': 'Java 8+, Scala или Python на хорошем уровне. Знание алгоритмов и структур данных. Знание SQL и принципов работы классических...', 'responsibility': 'Проектирование и построение <highlighttext>Data</highlighttext> warehouse компании. Подготовка витрин данных для отчетности, бизнеса и дата <highlighttext>аналитики</highlighttext>. Организация пайплайнов сбора данных от...'}",2022-12-13,1,1,1,0,0,1,Novosibirsk
19,19,Инженер данных,data engineer,unknown,Томск,0,other,1,0,"{'requirement': 'Java 8+, Scala или Python на хорошем уровне. Знание алгоритмов и структур данных. Знание SQL и принципов работы классических...', 'responsibility': 'Проектирование и построение <highlighttext>Data</highlighttext> warehouse компании. Подготовка витрин данных для отчетности, бизнеса и дата <highlighttext>аналитики</highlighttext>. Организация пайплайнов сбора данных от...'}",2022-12-13,1,1,1,0,0,1,Tomsk
20,20,Инженер данных (Data Office),data engineer,unknown,Москва,0,other,1,0,"{'requirement': 'Знание хотя бы 1 языка программирования (желательно что-то из Scala, Java, Python, C++/C#) на хорошем уровне: опыт разработки...', 'responsibility': 'Развитием практик DevSecOps, автомтизацией миграций и разработческих пайплайнов. Взаимодействием с <highlighttext>аналитиками</highlighttext> данных (<highlighttext>data</highlighttext> <highlighttext>scientists</highlighttext>), производственными и функциональными экспертами для определения...'}",2022-12-01,1,0,1,0,0,1,Moscow
21,21,Руководитель направления риск моделирования (Data Scientist),data scientist,unknown,Москва,0,other,1,0,"{'requirement': 'Высшее математическое, экономико-математическое, техническое образование. Опыт разработки / валидации моделей количественной оценки риска не менее года в кредитной организации или...', 'responsibility': 'Подготовка данных для разработки моделей количественной оценки риска. Организация получения данных из внутренних и внешних источников. Портфельная <highlighttext>аналитика</highlighttext>.'}",2022-11-25,0,0,1,0,0,0,Moscow
22,22,Руководитель отдела аналитики и Data Science,data scientist,unknown,Санкт-Петербург,0,other,0,1,"{'requirement': 'Владение SQL и Python. Опыт работы <highlighttext>Data</highlighttext> <highlighttext>Scientist</highlighttext>. Опыт руководства командой. Отличная математическая подготовка. Хорошие коммуникативные навыки :).', 'responsibility': 'Развитие DMP, сегментирование пользователей. Развитие моделей категоризации текстов. <highlighttext>Аналитика</highlighttext> и визуализация данных для внутренних заказчиков. Постановка задач команде разработки, написание...'}",2022-12-15,1,1,1,0,0,0,Saint Petersburg
23,23,Скоринг-аналитик / Data scientist / Аналитик (скоринг),data scientist,unknown,Москва,0,other,1,0,"{'requirement': 'Высшее/неполное высшее образование. Python – pandas, numpy, sklearn, matplotlib/seaborn. SQL базовый – умеешь писать подзапросы, простые join-ы. ', 'responsibility': 'Заниматься разработкой, валидацией и актуализацией скоринговых моделей для целей принятия кредитных решений. Написание SQL запросов, выгрузка и подготовка данных. '}",2022-12-19,1,1,1,0,0,0,Moscow
24,24,Скоринг-аналитик / Data scientist / Аналитик (скоринг),data scientist,unknown,Москва,0,other,1,0,"{'requirement': 'Высшее/неполное высшее образование. Python – pandas, numpy, sklearn, matplotlib/seaborn. SQL базовый – умеешь писать подзапросы, простые join-ы. ', 'responsibility': 'Заниматься разработкой, валидацией и актуализацией скоринговых моделей для целей принятия кредитных решений. Написание SQL запросов, выгрузка и подготовка данных. '}",2022-12-13,1,1,1,0,0,0,Moscow
25,25,Chief Data Science (Цифровой кредитный мониторинг),data scientist,chief,Москва,0,СБЕР,1,0,"{'requirement': 'Знание стека Machine Learning (NLP, XGBoost и аналоги, TimeSeries, CV) и Deep learning (Keras/TensorFlow/PyTorch), Big <highlighttext>Data</highlighttext> (Apache Hadoop...', 'responsibility': 'Анализ и утверждение предложенных <highlighttext>Data</highlighttext> <highlighttext>Scientist</highlighttext> методов моделирования для решения бизнес-задачи. Разработка и/или утверждение предложенной <highlighttext>Data</highlighttext> <highlighttext>Scientist</highlighttext> архитектуры...'}",2022-12-07,0,0,1,1,0,0,Moscow
26,26,Chief Data Scientist / DS Team Lead,data scientist,chief,Москва,0,other,1,0,"{'requirement': 'Proven ability to merge and transform disparate internal & external <highlighttext>data</highlighttext> sets together to create new features. Experience with Big <highlighttext>Data</highlighttext>...', 'responsibility': 'Collaborate, coach, and learn with a growing team of experienced <highlighttext>Data</highlighttext> <highlighttext>Scientists</highlighttext> and <highlighttext>Data</highlighttext> Trainees. Collaborate with business partners to...'}",2022-12-14,0,0,1,0,0,0,Moscow
27,27,Data analyst (аналитик данных),data analyst,unknown,Екатеринбург,1,other,1,0,"{'requirement': 'Опыт работы <highlighttext>аналитиком</highlighttext> от 1 года. Аналитический склад ума и внимание к деталям. Отличное знание MS Excel. Опыт работы в...', 'responsibility': 'Составление/доработка методики формирования отчетов. Заведение заданий команде <highlighttext>Data</highlighttext> <highlighttext>Scientists</highlighttext> / <highlighttext>Data</highlighttext> Engineers. Проверка первичных отчетов на корректность, относительно данных базы...'}",2022-11-23,0,0,1,0,0,0,Ekaterinburg
28,28,Data Analyst (DA)/Data Engineer(DE),data analyst,unknown,Москва,0,СБЕР,1,0,"{'requirement': 'Имеешь опыт в роли <highlighttext>Data</highlighttext>-<highlighttext>аналитика</highlighttext>/<highlighttext>Data</highlighttext>-инженера/ML- инженера или разработчика. Необходимы отличные навыки работы с SQL (аналитические функции...', 'responsibility': 'Совместно с <highlighttext>Data</highlighttext> <highlighttext>scientist</highlighttext>-ами и другими <highlighttext>Data</highlighttext> engineer-ами блока Риски, ты будешь внедрять математические модели в работающие процессы.'}",2022-12-14,0,1,1,0,0,0,Moscow
29,29,Data Analyst Python,data analyst,unknown,Москва,0,other,1,0,"{'requirement': 'The team consists of motivated, expert artisans who have been meticulously picked and professionally ""spread"" around the organization\'s territory. ', 'responsibility': 'Typical Duties Include:'}",2022-12-08,0,0,1,0,0,0,Moscow
30,30,Data analyst/ Data Scientist (удаленно),data scientist,unknown,Москва,0,other,1,1,"{'requirement': 'Опыт работы с большими массивами данных. Знание SQL (в том числе оконные функции, cte, индексы, view, оптимизация запросов). ', 'responsibility': '<highlighttext>Data</highlighttext> Engineering: формирование <highlighttext>data</highlighttext> pipelines, архитектуры базы данных, ETL. System analysis: написание документации, формализация требований к проектам; изучение документации сторонних...'}",2022-11-28,0,1,1,0,0,0,Moscow
31,31,Data engineer,data engineer,unknown,Москва,0,СБЕР,1,0,"{'requirement': 'Не менее 3-х лет работы в качестве <highlighttext>Data</highlighttext> Engineer / <highlighttext>Data</highlighttext> <highlighttext>Analyst</highlighttext> / ETL Developer. Знание SQL на продвинутом уровне (аналитические...', 'responsibility': '...по вопросам работы с данными. Предоставление экспертной поддержки внутренним потребителям (<highlighttext>data</highlighttext> <highlighttext>analysts</highlighttext>, <highlighttext>data</highlighttext> <highlighttext>scientists</highlighttext>) по вопросам, связанным с использованием данных.'}",2022-12-20,0,1,1,0,0,0,Moscow
32,32,Data engineer,data engineer,unknown,Москва,0,СБЕР,1,0,"{'requirement': 'Не менее 3-х лет работы в качестве <highlighttext>Data</highlighttext> Engineer / <highlighttext>Data</highlighttext> <highlighttext>Analyst</highlighttext> / ETL Developer. Знание SQL на продвинутом уровне (аналитические...', 'responsibility': '...по вопросам работы с данными. Предоставление экспертной поддержки внутренним потребителям (<highlighttext>data</highlighttext> <highlighttext>analysts</highlighttext>, <highlighttext>data</highlighttext> <highlighttext>scientists</highlighttext>) по вопросам, связанным с использованием данных.'}",2022-12-13,0,1,1,0,0,0,Moscow
33,33,Data Engineer,data engineer,unknown,Москва,0,other,0,1,"{'requirement': 'Работа с прочими СУБД в роли разработчика/<highlighttext>аналитика</highlighttext>. Написание пайплайнов в Airflow / NiFi / etc. Redash / Grafana / Superset / etc. ', 'responsibility': 'Участие в аналитических исследованиях. Предоставлять экспертную поддержку внутренним потребителям (<highlighttext>data</highlighttext> <highlighttext>analysts</highlighttext>, <highlighttext>data</highlighttext> <highlighttext>scientists</highlighttext>). Поддержка и развитие базы знаний.'}",2022-12-07,0,0,1,0,0,0,Moscow
34,34,Data Engineer,data engineer,unknown,Санкт-Петербург,0,СБЕР,1,0,"{'requirement': 'Знание SQL. Joinы, агрегаты, группировки, вложенные запросы, индексы, хранимые процедуры, оконные функции. Опыт разработки на Scala и/или Java от...', 'responsibility': 'Разработка и внедрение в production кода подготовки витрин данных для моделирования и различных систем Банка (на стеке Scala + Spark). '}",2022-11-28,0,1,1,0,0,1,Saint Petersburg
35,35,Data Engineer,data engineer,unknown,Москва,0,other,1,0,"{'requirement': 'Знание основных файловых форматов данных, их преимущество и недостатков (csv, json, xml). Опыт работы с <highlighttext>Data</highlighttext> Science (построение прогнозных моделей...', 'responsibility': '...совместно с <highlighttext>data</highlighttext> science командой. Развивать и улучшать существующие продукты и сервисы. Поддерживать <highlighttext>data</highlighttext> <highlighttext>scientist</highlighttext>’ов и <highlighttext>аналитиков</highlighttext> данных в...'}",2022-11-25,0,0,1,0,0,0,Moscow
36,36,Data Engineer (middle),data engineer,middle,Москва,0,other,0,1,"{'requirement': 'Хорошее знание устройства Spark, PySpark. Знание SQL. Опыт разработки на Python. Понимание основных концепций DWH. Понимание базовых команд Git и...', 'responsibility': '...и обрабатывать данные из различных источников. Поддерживать и развивать базы знаний. Предоставлять экспертную поддержку внутренним потребителям (<highlighttext>data</highlighttext> <highlighttext>analysts</highlighttext>, <highlighttext>data</highlighttext> <highlighttext>scientists</highlighttext>).'}",2022-12-05,1,1,1,0,1,0,Moscow
37,37,Data engineer / Data scientist / Руководитель отдела аналитики,data engineer,unknown,Москва,1,other,1,0,"{'requirement': 'Высшее техническое образование (приветствуются выпускники МФТИ, МГУ, НИУ ВШЭ). Опыт работы <highlighttext>аналитиком</highlighttext> от 3-х лет. Системность. Мышление в цифрах...', 'responsibility': 'Анализ и обработка данных. Написание функций SQL. Нахождение аномалий по ключевым параметрам. Тестирование и исследование гипотез. Работа с хранилищем данных.'}",2022-11-25,0,1,1,0,0,0,Moscow
38,38,Data Engineer направления разработки витрин данных,data engineer,unknown,Москва,0,other,1,0,"{'requirement': 'Будет плюсом: Опыт работы с банковскими данными. Опыт работы с различными СУБД в роли разработчика/<highlighttext>аналитика</highlighttext> витрин данных. ', 'responsibility': 'Заниматься проектированием и разработкой витрин данных для анализа и моделирования. Заниматься мониторингом и оптимизацией процессов сборки витрин. Заниматься загрузкой и...'}",2022-12-07,0,0,1,0,0,0,Moscow
39,39,Data engineer\analyst (развитие источников данных Big Data),data engineer,unknown,Москва,0,other,1,0,"{'requirement': 'Отличное владение PySpark, Python, SQL (продвинутый уровень). Уверенные знания в оптимизации Spark приложений. Опыт работы c Airflow. Знание принципов feature...', 'responsibility': 'Основной миссией нашей команды является создание прототипов таблиц фичей и данных для команд <highlighttext>Data</highlighttext> <highlighttext>Scientists</highlighttext> и <highlighttext>Data</highlighttext> <highlighttext>Analysts</highlighttext>. '}",2022-12-05,1,1,1,0,0,0,Moscow
40,40,Data scientist,data scientist,unknown,Москва,0,other,1,0,"{'requirement': 'Профильный опыт работы в банке в области оценки кредитных рисков. Знание SQL на уровне написания сложных запросов, разработки и автоматизации...', 'responsibility': 'Формирование и сопровождение витрин данных для целей моделирования, прогнозирования и <highlighttext>data</highlighttext>-<highlighttext>аналитики</highlighttext>. Статистический анализ факторов риска. Расширение, автоматизация и систематизация...'}",2022-12-13,0,1,1,0,0,0,Moscow
41,41,Data Scientist,data scientist,unknown,Москва,1,other,1,0,"{'requirement': 'Разбираешься в математической статистике и теории вероятностей и знаешь, как проводить A/B тестирования. Анализировать большие объёмы информации, чтобы выявить...', 'responsibility': 'Предлагать решения и стратегии для бизнес-задач. Взаимодействовать со стейкхолдерами, <highlighttext>аналитиками</highlighttext>, командой разработки. Аудио (музыка, голос). Текст. Видео (видео ряд...'}",2022-12-09,0,0,1,0,0,0,Moscow
42,42,Data Scientist,data scientist,unknown,Москва,0,СБЕР,1,0,"{'requirement': 'Опыт работы в области <highlighttext>Data</highlighttext> Science от 2 лет. Хорошее знание алгоритмов машинного обучения, нейронных сетей. Python, библиотеки для работы...', 'responsibility': 'Исследование источников данных, обеспечение сбора данных. Составление требований для <highlighttext>Data</highlighttext> Engineer по разработке новых витрин/объектов. Построение и проверка гипотез...'}",2022-12-13,1,0,1,0,0,0,Moscow
43,43,Data Scientist,data scientist,unknown,Москва,0,other,1,0,"{'requirement': 'Базовые знания алгоритмов и структур данных и математики для машинного обучения. Знания и промышленный опыт в машинном обучении (в том...', 'responsibility': 'Искать возможности применения <highlighttext>data</highlighttext> science для бизнеса. Переводить нужды бизнеса в <highlighttext>data</highlighttext> science задачи. Взаимодействовать с командами дата инженерии, <highlighttext>аналитики</highlighttext>...'}",2022-12-06,0,0,1,0,0,0,Moscow
44,44,Data scientist,data scientist,unknown,Санкт-Петербург,0,other,1,1,"{'requirement': 'Опыт коммерческой разработки на Python от 2 лет. Опыт работа с библиотеками по анализу данных. Знание алгоритмов и структур данных. ', 'responsibility': 'Разработка новых модулей системы для бэктестинга стратегий с произвольной торговой логикой, формулируемой <highlighttext>аналитиками</highlighttext>, оптимизация расчётов и работы системы. '}",2022-12-09,1,0,1,0,0,0,Saint Petersburg
45,45,Data scientist,data scientist,unknown,Москва,0,other,0,1,"{'requirement': 'Опыт коммерческой разработки на Python от 2 лет. Опыт работа с библиотеками по анализу данных. Знание алгоритмов и структур данных. ', 'responsibility': 'Разработка новых модулей системы для бэктестинга стратегий с произвольной торговой логикой, формулируемой <highlighttext>аналитиками</highlighttext>, оптимизация расчётов и работы системы. '}",2022-12-09,1,0,1,0,0,0,Moscow
46,46,Data Scientist,data scientist,unknown,Москва,0,other,1,0,"{'requirement': 'Опыт обработки данных с использованием SQL/Python/SAS. Ответственность, внимательность, аккуратность, энтузиазм к работе. Навыки работы с EMBLEM, RADAR и...', 'responsibility': 'Выгрузка актуарных отчетов для всех линий бизнеса. Построение дополнительных отчетов и <highlighttext>аналитик</highlighttext> для андеррайтинга в SAS и Excel. '}",2022-12-09,1,1,1,0,0,0,Moscow
47,47,Data Scientist,data scientist,unknown,Москва,0,other,1,0,"{'requirement': 'Понимание основных методов и алгоритмов Machine Learning. Опыт реализации и применения моделей машинного обучения в продакшн. Уверенное владение Python (numpy...', 'responsibility': 'Исследовать и сегментировать клиентскую базу. Строить скоринговые модели качества трафика. Прогнозировать эффект и определять оптимальные условия планируемых маркетинговых активностей, а...'}",2022-11-28,1,0,1,0,0,0,Moscow
48,48,Data Scientist,data scientist,unknown,Москва,0,other,1,0,"{'requirement': 'Знаешь классический ML. Имеешь опыт и знания основных алгоритмов (logregression, catboost, lightgbm, pandas, etc.). Уверенные знания SQL, умеешь строить сложные...', 'responsibility': 'Заниматься продуктовой и клиентской <highlighttext>аналитикой</highlighttext>, используя полученные данные для улучшения моделей прогнозирования. Анализировать эффективность кросс-продаж, планировать эксперименты. '}",2022-11-29,0,1,1,0,0,0,Moscow
49,49,Data scientist,data scientist,unknown,Санкт-Петербург,0,other,1,0,"{'requirement': 'Уверенное программирование на Python (от 2 лет). Уверенное владение Linux, bash, git, docker, а также понимание механизмов CI, CD, code...', 'responsibility': 'Заниматься анализом данных ( построение дашбородов, предиктивная <highlighttext>аналитика</highlighttext>, взаимодействие с продуктологами и <highlighttext>аналитиками</highlighttext> ГИД). Разрабатывать систему рекомендаций с нуля.'}",2022-11-28,1,0,1,0,0,0,Saint Petersburg
50,50,Data Scientist,data scientist,unknown,Москва,0,other,1,0,"{'requirement': 'Уверенное знание SQL. Опыт работы с Hadoop в качестве <highlighttext>аналитика</highlighttext> будет плюсом (Hive, Spark). Опыт работы с GitLab, Jira, Confluence. ', 'responsibility': 'Написание чистого продакшн кода и выведение модели в работу. Постановка задач и управление <highlighttext>аналитиком</highlighttext>. Презентация и защита результатов исследования.'}",2022-12-07,0,1,1,0,1,0,Moscow
51,51,Data Scientist – Senior/Chief,data scientist,senior,Москва,0,СБЕР,1,0,"{'requirement': 'Успешные внедрения ML решений в бизнес-процессы и доведение их до прома, практический опыт их последующего мониторинга и развития. ', 'responsibility': 'Обсуждение задач и методов их решения совместно с фрод-<highlighttext>аналитиками</highlighttext> и бизнес-заказчиками, формулирование гипотез и их проверка. '}",2022-11-28,0,0,1,0,0,0,Moscow
52,52,Data Scientist (Аналитик),data scientist,unknown,Нижний Новгород,0,other,1,0,"{'requirement': 'Высшее образование (IT, экономическое; преимущество - прикладная информатика в экономике). Опыт работы <highlighttext>аналитиком</highlighttext> в финансовой сфере желателен, НО НЕ ОБЯЗАТЕЛЕН. ', 'responsibility': 'Разработка новых и модификация существующих скоринговых моделей, используемых в процедурах принятия решений о кредитовании, выявления мошенников и оценки поведения клиентов. '}",2022-12-16,0,0,1,0,0,0,Nizhny Novgorod
53,53,"Data scientist (Ведущий аналитик инструментов оптимизации, Управление скоринга и Биг Дата)",data scientist,unknown,Москва,0,other,1,0,"{'requirement': 'Хорошее знание статистики, математического анализа, алгоритмов линейного программирования. Знание основ финансовой математики. Знание основных алгоритмов ML и понимание принципов их...', 'responsibility': 'Разработка классических ML моделей. Решение задач оптимизации. Внедрение и мониторинг моделей и оптимизационного решения. Оценка эффективности разработанных моделей с финансовой...'}",2022-11-28,0,0,1,0,0,0,Moscow
54,54,Data scientist (Гео и графы),data scientist,unknown,Москва,0,СБЕР,1,0,"{'requirement': 'Опыт работы в области <highlighttext>Data</highlighttext> Science от 2 лет. Хорошее знание алгоритмов машинного обучения, нейронных сетей. Python, библиотеки для работы...', 'responsibility': 'Исследование источников данных, обеспечение сбора данных. Составление требований для <highlighttext>Data</highlighttext> Engineer по разработке новых витрин/объектов. Построение и проверка гипотез...'}",2022-12-16,1,0,1,0,0,0,Moscow
55,55,Data Scientist (главный исследователь данных),data scientist,team lead,Москва,0,other,1,0,"{'requirement': 'Опыт работы от 1 года в <highlighttext>data</highlighttext> science. Опыт работы в финансовом секторе (страховые компании, банки) будет дополнительным преимуществом для...', 'responsibility': 'Подготовка <highlighttext>аналитики</highlighttext> по портфелю компании. Участие в различных проектах компании по широкому кругу задач блока андеррайтинга в рамках своей функциональной...'}",2022-12-05,0,0,1,0,0,0,Moscow
56,56,Data Scientist (корпоративные финансы),data scientist,unknown,Москва,0,СБЕР,1,0,"{'requirement': 'Высшее образование в области экономики / математики / финансов. Желание развиваться в области анализа корпоративных финансов с применением Python и методов машинного...', 'responsibility': 'Перспективные исследования и разработки, направленные на улучшение моделей как со стороны финансовой <highlighttext>аналитики</highlighttext>, так и в плане применения новых методов...'}",2022-11-28,1,0,1,0,0,0,Moscow
57,57,"Data scientist (проект ""Антиспам"")",data scientist,unknown,Москва,0,VK,1,0,"{'requirement': 'Обладаешь уверенными навыками программирования на Python и хотя бы в одном статически типизированном языке. Имеешь опыт с DL библиотеками (Pytorch...', 'responsibility': 'Исследование поведенческих паттернов и нахождение зависимостей в данных используя статистические методы анализа. Проведение <highlighttext>аналитики</highlighttext> табличных данных, временных рядов.'}",2022-12-02,1,0,1,0,0,0,Moscow
58,58,"Data scientist (проект ""Антиспам"")",data scientist,unknown,Санкт-Петербург,0,VK,1,0,"{'requirement': 'Обладаешь уверенными навыками программирования на Python и хотя бы в одном статически типизированном языке. Имеешь опыт с DL библиотеками (Pytorch...', 'responsibility': 'Исследование поведенческих паттернов и нахождение зависимостей в данных используя статистические методы анализа. Проведение <highlighttext>аналитики</highlighttext> табличных данных, временных рядов.'}",2022-12-02,1,0,1,0,0,0,Saint Petersburg
59,59,Data Scientist (Разработчик AI/ML),data scientist,unknown,Москва,0,other,1,0,"{'requirement': 'Опыт работы в должности <highlighttext>Data</highlighttext> <highlighttext>Scientist</highlighttext> или <highlighttext>аналитик</highlighttext> данных. Знание основных библиотек и фреймворков машинного обучения (sklearn, scipy, numpy, pyspark...', 'responsibility': 'Выполнение функций <highlighttext>Data</highlighttext> <highlighttext>Scientist</highlighttext>-а при реализации проектов по предиктивной <highlighttext>аналитике</highlighttext> на промышленных предприятиях: Анализ производственных процессов и выработка требований...'}",2022-12-14,0,0,1,0,0,0,Moscow
60,60,Data Scientist (Рекомендательные системы),data scientist,unknown,Москва,0,СБЕР,1,0,"{'requirement': 'Знание теории ML (классы задач, подходы, библиотеки, фреймворки). Опыт проектирования и разработки <highlighttext>data</highlighttext> pipelines, ETL-процессов, API. Python 3 (async...', 'responsibility': 'Участие в брейнштормах, командных встречах, включая смежные команды. Развитие <highlighttext>data</highlighttext>-продуктов: построение клиентских сегментов с использованием ML-<highlighttext>аналитики</highlighttext>.'}",2022-11-28,1,0,1,0,0,0,Moscow
61,61,Data Scientist (Стажер),data scientist,intern,Санкт-Петербург,0,СБЕР,1,0,"{'requirement': 'В том числе Обучение в бакалавриате\\специалитете, магистратуре, аспирантуре. Отличные знания классического ML. Хорошо пишете на python и знакомы с...', 'responsibility': 'Вывод успешных гипотез/моделей в прод и их сопровождение. - Подготовка <highlighttext>аналитики</highlighttext> по ML моделям. - Участие в развитии ML инструментов и...'}",2022-11-28,0,0,1,0,0,0,Saint Petersburg
62,62,Data scientist (Управление рисками корпоративных клиентов),data scientist,unknown,Москва,0,СБЕР,1,0,"{'requirement': 'Опыт работы с хранилищами данных от 1го года. Опыт работы в роли <highlighttext>аналитика</highlighttext> с функцией подготовки выгрузки данных для...', 'responsibility': 'Разрабатывать и улучшать инструменты для машинного обучения (внутренние наработки, библиотеки). Использовать прогнозное моделирование, чтобы оптимизировать бизнес риск метрики. '}",2022-12-13,0,0,1,0,0,0,Moscow
63,63,Data scientist (computer vision),data scientist,unknown,Москва,1,other,1,0,"{'requirement': 'понимание принципов и алгоритмов классического МL, статистики, прогнозной модели. - уверенно владение: Python, SQL, UNIX Shell. - опыт ведения DS проектов и...', 'responsibility': 'прорабатывать с бизнесом гипотезы, продумывать дизайн, проводить тестирование. - создавать прогнозные модели (многоклассовая классификация, NLP, поиск аномалий и др.). - '}",2022-12-08,1,1,1,0,0,0,Moscow
64,64,Data Scientist (Computer Vision),data scientist,unknown,Москва,0,other,1,0,"{'requirement': 'Опыт работы CV DS от 2х лет. Работа с PyTorch. Глубокое знание работы и умение настройки CV DS фреймворков...', 'responsibility': 'Проводить анализ данных с помощью методов предиктивной <highlighttext>аналитики</highlighttext>. Работать в связке с <highlighttext>Data</highlighttext> <highlighttext>аналитиком</highlighttext> для проверки гипотез. Вместе с командой...'}",2022-12-06,0,0,1,0,0,0,Moscow
65,65,Data Scientist (DMAG),data scientist,unknown,Москва,0,other,1,1,"{'requirement': None, 'responsibility': 'Мы разрабатываем методы детектирования от составления обучающей выборки и выявление признаков, до реализации и контроля качества на production системах. '}",2022-12-14,0,0,1,0,0,0,Moscow
66,66,Data scientist (Junior) в консалтинг,data scientist,junior,Москва,1,other,0,1,"{'requirement': 'Экономическое или естественно-научное образование. Знания математических основ ML, статистики, оптимизации. Опыт в анализе данных и построении ML моделей. ', 'responsibility': 'Строить прогнозные модели на основе геоданных. Придумывать креативные решения и делать их прототипы для различных бизнес задач заказчика используя ML...'}",2022-12-19,0,0,1,0,0,0,Moscow
67,67,Data Scientist (middle/middle+),data scientist,middle,Москва,1,other,1,0,"{'requirement': 'Опыт использования ml библиотек на Python (бустинг, нейронные сети и др.) и понимание особенностей реализации различных аспектов алгоритмов в коде. ', 'responsibility': 'Моделирование и обработка данных на Python для извлечения бизнес-ценности из данных. Глубокое обсуждение задач и методов их решения совместно...'}",2022-12-13,1,0,1,0,0,0,Moscow
68,68,Data Scientist (Middle+),data scientist,middle,Москва,0,СБЕР,1,0,"{'requirement': 'Отличное понимание классического ML, опыт и знание основных необходимых библиотек (catboost, lightgbm, pandas, etc.). Уверенное знание SQL, умение строить сложные...', 'responsibility': 'Построение, поддержка и развитие рекомендательных систем по продуктам торгового финансирования (аккредитивы, эскроу). Глубокая продуктовая/клиентская <highlighttext>аналитика</highlighttext> и использование ее в...'}",2022-12-07,0,1,1,0,0,0,Moscow
69,69,Data scientist (middle+) / Руководитель отдела аналитики,data scientist,middle,Москва,1,other,1,0,"{'requirement': 'Мыслить в цифрах. Иметь опыт работы <highlighttext>аналитиком</highlighttext> в крупной компании по ритейлу от 1 года. Опыт работы с PostgreSQL от...', 'responsibility': 'Анализ и обработка данных. Нахождение аномалий по ключевым параметрам. Тестирование и исследование гипотез. Работа с хранилищем данных.'}",2022-12-14,0,1,1,0,0,0,Moscow
70,70,Data Scientist (ML Space),data scientist,unknown,Москва,0,other,1,0,"{'requirement': 'Опыт в решении задач прогнозной (предиктивной) <highlighttext>аналитики</highlighttext>, например, предсказание спроса, динамическое ценообразование, предсказание поломок оборудования. Понимание методологий минимум в 3...', 'responsibility': 'Разработка ML-пайплайнов (AI-сервисов), в том числе в экспресс-режиме (разработка MVP, проверка/тестирование гипотез), подготовка EDA с помощью...'}",2022-12-13,0,0,1,0,0,0,Moscow
71,71,"Data Scientist (NLP, NER)",data scientist,unknown,Москва,0,other,1,0,"{'requirement': 'Знание математики, теории вероятности, статистики. Опыт работы в роли <highlighttext>Data</highlighttext> <highlighttext>Scientist</highlighttext> в реальных ML-проектах, связанных с обработкой и анализом...', 'responsibility': '...<highlighttext>аналитиками</highlighttext> – описание моделей и потоков данных в системах, предназначенных для анализа данных и принятия решения (информационно-аналитическая система, Big <highlighttext>Data</highlighttext>...'}",2022-12-06,0,0,1,0,0,0,Moscow
72,72,Data scientist / Аналитик риск-моделей,data scientist,unknown,Москва,1,other,1,0,"{'requirement': 'Высшее математическое или техническое образование (предпочтительно: МГУ, МФТИ, МФТИ, МГТУ им. Баумана). Опыт построения моделей от 2-х лет. ', 'responsibility': 'Построение вероятностных скоринговых моделей. Анализ имеющихся и новых источников данных и эффективное использование их для процесса принятия решений. '}",2022-12-13,0,0,1,0,0,0,Moscow
73,73,Data Scientist / Аналитик Data Science,data scientist,unknown,Москва,0,other,1,0,"{'requirement': 'Опыт работы над прикладными задачами или решениями, внедренными в прод. Опыт решения задач из области Classification/Forecasting. Знание алгоритмов, умение...', 'responsibility': 'Выявление и связывание ключевой информации в коротких текстах с использованием NLP-техник (NER, NEL, NED, NERD, …) и современных нейронных сетей...'}",2022-12-17,0,0,1,0,0,0,Moscow
74,74,Data scientist / Аналитик junior+/middle,data scientist,junior,Москва,0,other,1,0,"{'requirement': 'Высшее математическое или техническое образование. Опыт от 1 года. Хорошее знание теории вероятностей и математической статистики. Знание и опыт работы...', 'responsibility': 'Поддержка имеющихся скоринговых моделей, их обновление и развитие. Анализ эффективности скоринговых моделей и оперативное управление их применением. Анализ рисков по...'}",2022-12-07,0,0,1,0,0,0,Moscow
75,75,Data Scientist / Аналитика данных,data scientist,unknown,Москва,0,other,1,0,"{'requirement': '1) Знание классических алгоритмов и структур данных. 2) Уверенные знания высшей математики, теории вероятностей и математической статистики. 3) Умение выводить...', 'responsibility': '4) Анализ новых данных для совершенствования и изменение уже существующих формул. 6) Анализ большого массива собранных за все время работы...'}",2022-12-18,0,0,1,0,0,0,Moscow
76,76,Data Scientist / Специалист по работе с искусственным интеллектом,data scientist,unknown,Москва,0,other,1,0,"{'requirement': 'Опыт работы frontend разработчиком (средний или базовый уровень). Опыт создания пользовательских интерфейсов. Высшее образование (предпочтительные направления - медицинская техника, медицинская кибернетика...', 'responsibility': 'Проведение тестирований сервисов на основе технологий искусственного интеллекта (ИИ-Сервисов). Подготовка протоколов тестирования. <highlighttext>Аналитика</highlighttext> результатов работы ИИ-Сервисов. '}",2022-12-15,0,0,1,0,0,0,Moscow
77,77,"Data scientist / Machine learning engineer (команда рекомендаций и машинного обучения, ВКонтакте)",data scientist,unknown,Москва,0,VK,0,0,"{'requirement': 'Математически формулировать бизнес-задачи. С продвинутыми методами матричной факторизации для извлечения информации из истории просмотров и поиска. Анализом границ применимости...', 'responsibility': 'SNA-техниками для анализа социального графа. Разработками big <highlighttext>data</highlighttext> и <highlighttext>аналитикой</highlighttext> поверх стека Apache Spark. Product science для инсайтов и...'}",2022-11-22,0,0,1,1,0,0,Moscow
78,78,Data scientist / ML разработчик,data scientist,unknown,Томск,1,other,1,0,"{'requirement': 'Высшее образование в области прикладной математики/физики/IT. Python, ML sklearn, boosting (xgboost, lgbm, catboost), statmodels, PySpark, PyTorch. ', 'responsibility': 'Участие в поддержке текущих, а также развертывании новых рекомендательных ML систем. Проводить аналитические исследования данных: искать взаимосвязи, формулировать и проверять...'}",2022-12-20,1,0,1,0,0,0,Tomsk
79,79,Data Scientist / ML-инженер (Big Data),data scientist,unknown,Москва,0,other,1,0,"{'requirement': 'Опыт работы от 2 лет в области анализа данных и машинного обучения. Вы знаете, как работают ML-алгоритмы и не...', 'responsibility': 'Customer Profile (Middle/Senior). Выгружать и готовить/обрабатывать данные (находить аномалии и инсайты). Перебирать гиперпараметры ml-моделей, пока кросс-валидация...'}",2022-12-18,0,0,1,0,0,0,Moscow
80,80,Data Scientist / ML-разработчик,data scientist,unknown,Москва,0,other,1,0,"{'requirement': 'Обязательно: 1. Опыт работы <highlighttext>аналитиком</highlighttext> от 1 года. Ждем от кандидата проактивного подхода к решению задач и критическое восприятие результатов...', 'responsibility': '1. 50% Разработка ML моделей для высоконагруженных систем (+ доработка и переобучение этих моделей после внедрения). 2. 30% Анализ данных. '}",2022-12-18,0,0,1,0,0,0,Moscow
81,81,"Data scientist в ""Кошелек клиента""",data scientist,unknown,Москва,0,СБЕР,1,0,"{'requirement': 'Высшее техническое или математическое образование. Опыт работы в сфере DS не менее года / опыт построения моделей вне учебных проектов. ', 'responsibility': 'Рефакторинг существующего кода и улучшение действующих моделей. Генерация новых признаков. Подготовка ad-hoc <highlighttext>аналитики</highlighttext> в рамках инфраструктурных задач и запросов...'}",2022-12-14,0,0,1,0,0,0,Moscow
82,82,Data Scientist Middle/Senior,data scientist,middle,Москва,0,other,1,0,"{'requirement': '...on large scale <highlighttext>data</highlighttext> sets. Must have proven ability to merge and transform disparate internal & external <highlighttext>data</highlighttext> sets together to...', 'responsibility': 'Collaborate, coach, and learn with a growing team of experienced <highlighttext>Data</highlighttext> <highlighttext>Scientists</highlighttext>. Stay connected with external sources of ideas through...'}",2022-12-14,0,0,1,0,0,0,Moscow
83,83,Data Scientist middle/senior,data scientist,middle,Москва,0,other,0,1,"{'requirement': 'Знание Python (Scala/Java могут оказаться плюсом). Знание классических алгоритмов и структур данных. Знание теоретических и практических продвинутых методов машинного...', 'responsibility': 'Строить модели машинного обучения, улучшать качество прогноза. Заниматься <highlighttext>аналитикой</highlighttext> и проверкой гипотез. Развивать инструменты для проведения A/B тестов. '}",2022-12-13,1,0,1,0,0,1,Moscow
84,84,Data Scientist middle+,data scientist,middle,Москва,0,СБЕР,1,0,"{'requirement': 'Хорошие знания Python 3. Опыт работа с Pandas, SQL, Spark/PySpark, Hive и др. инструментами для анализа малых и больших...', 'responsibility': 'Обсуждение задач и методов их решения совместно с фрод-<highlighttext>аналитиками</highlighttext> и бизнес-заказчиками, формулирование гипотез и их проверка. '}",2022-11-28,1,1,1,0,0,0,Moscow
85,85,Data Scientist NLP,data scientist,unknown,Москва,0,СБЕР,1,0,"{'requirement': 'Хорошо знаком с алгоритмами и готов рассказать, как лучше обойти дерево. Командный игрок: готов слушать, предлагать и брать ответственность.', 'responsibility': 'Исследовать вместе с <highlighttext>аналитиками</highlighttext> данных атрибутный состав исследуемых документов, ставить задачу на формирование и разметку обучающей выборки, контролировать качество данных...'}",2022-12-08,0,0,1,0,0,0,Moscow
86,86,"Data Scientist, Senior/Middle",data scientist,senior,Москва,0,other,1,0,"{'requirement': 'Опыт работы не менее одного года в области <highlighttext>аналитики</highlighttext> и моделирования. Уверенный уровень работы с реляционными СУБД и корпоративными хранилищами...', 'responsibility': 'Постоянное совершенствования аналитических механизмов, используемых в розничных продуктах ОКБ (создание и прокачка умных мозгов «под капотом» наших сервисов). '}",2022-12-16,0,0,1,0,0,0,Moscow
87,87,Data Scientist/Analyst (стажер),data scientist,intern,Санкт-Петербург,0,СБЕР,1,0,"{'requirement': 'Обучение в бакалавриате/специалитете, магистратуре, аспирантуре. Отличные знания классического ML. Знание python и знакомство с его ML библиотеками. ', 'responsibility': 'Наша команда запускает проактивные коммуникации для корпоративных клиентов во всех доступных каналах (письма в СББОЛ, мейлы, СМС) для предоставления персонализированных...'}",2022-11-28,0,0,1,0,0,0,Saint Petersburg
88,88,Data scientist/Analyst (Middle+/Senior) - Руководитель отдела аналитики,data scientist,middle,Москва,1,other,1,0,"{'requirement': 'Опыт работы в области анализа данных (воронки, когортный анализ, регрессия, AB-тесты). Уверенное владение SQL, умение писать сложные запросы к...', 'responsibility': 'Проектировать, сопровождать и оптимизировать систему <highlighttext>аналитики</highlighttext> для различных типов продуктов, используя ресурсы и данные Postgre, GA, ClickHouse и др. '}",2022-12-14,0,1,1,0,0,0,Moscow
89,89,Data scientist/Antifraud analyst,data scientist,unknown,Санкт-Петербург,0,other,1,0,"{'requirement': 'Linux, Python, bash, etc.. Понимание принципов работы Интернета на уровне http протокола.', 'responsibility': 'Создание дашбордов для внешних и внутренних заказчиков. Прототипирование отчетов для внешних заказчиков (антифрод, постклик/поствью, отчет по видимости рекламы, и...'}",2022-12-18,1,0,1,0,0,0,Saint Petersburg
90,90,Data-scientist,data scientist,unknown,Петрозаводск,0,other,1,0,"{'requirement': 'Знание основ математической статистики. Git (умение скачать, загрузить изменения в репозиторий, работа с ветками). Базовый Python (понимание классов, функций, умение...', 'responsibility': 'Работа с базами данных (объединить несколько таблиц, отфильтровать по нескольким критериям, вытащить результат, например, в виде csv). Предобработка данных (работа...'}",2022-11-29,1,0,1,0,1,0,Petrozavodsk
91,91,Data-scientist в команду качества Геопоиска,data scientist,unknown,Москва,0,other,1,1,"{'requirement': 'Для этого нам нужен <highlighttext>аналитик</highlighttext>, который отлично генерит гипотезы, умеет работать с большими данными, а также пишет красивый код на...', 'responsibility': 'Улучшать детектирование посещений компаний, в том числе и зарубежом. Ранжировать опросы про компании в пушах и ЛК. Искать сбособы вырастить...'}",2022-12-14,0,0,1,0,0,0,Moscow
92,92,Intern Data Scientist,data scientist,intern,Москва,0,СБЕР,1,0,"{'requirement': 'Опыт проведения / участия в ИТ-проектах. Хорошее знание языков программирования Python (<highlighttext>аналитика</highlighttext> ,разработка), SQL (Знание диалектов HiveQL, PostgresQL будет преимуществом). ', 'responsibility': 'подготовка и обработка данных для реализации digital-задач. - участие в проектах в качестве DA/DE/DS. - сопровождение действующих инструментов. -<highlighttext>аналитика</highlighttext>...'}",2022-12-14,1,1,1,0,0,0,Moscow
93,93,Junior Data Scientist / Аудитор,data scientist,junior,Москва,0,СБЕР,1,0,"{'requirement': '...<highlighttext>Data</highlighttext> Science. Понимание базовых ML-алгоритмов. Приветствуется опыт работы с Hadoop, знание Spark и Java. Приветствуется знание инструментов BI <highlighttext>аналитики</highlighttext>. ', 'responsibility': 'участие в проектах в качестве DA/DE/DS. - сопровождение действующих инструментов. -<highlighttext>аналитика</highlighttext> данных. -выступление с докладами на встречах DS-сообщества...'}",2022-12-01,0,0,1,0,0,1,Moscow
94,94,Junior Data Scientist/Младший менеджер по обработке данных,data scientist,junior,Москва,0,other,1,0,"{'requirement': 'Высшее/незаконченное высшее образование. Знание SQL, Python (в том числе pandas, maplotlib и др.библиотеки для анализа, парсинга и визуализации данных). ', 'responsibility': 'Участие в выборе алгоритмов <highlighttext>аналитики</highlighttext> и машинного обучениях для проверки гипотез, решения задач, создание продуктов. Анализ исходных данных, загрузка данных...'}",2022-12-15,1,1,1,0,0,0,Moscow
95,95,Lead Data Analyst,data analyst,team lead,Москва,0,СБЕР,1,0,"{'requirement': 'Знаешь основы математической статистики. Имеешь опыт работы в <highlighttext>Data</highlighttext> Science/<highlighttext>Data</highlighttext> Analytics проектах. Обладаешь опытом анализа данных с помощью Python. ', 'responsibility': 'Формализовать задачи извлечения вместе с исследователями данных (<highlighttext>Data</highlighttext> <highlighttext>Scientists</highlighttext>). Определять частотность атрибутов. Заниматься иерархической кластеризацией сущностей и разработкой онтологии. '}",2022-12-06,1,0,1,0,0,0,Moscow
96,96,Lead Data Scientist (Разработчик AI/ML),data scientist,team lead,Москва,0,other,1,0,"{'requirement': 'Опыт работы в должности <highlighttext>Data</highlighttext> <highlighttext>Scientist</highlighttext> или <highlighttext>аналитик</highlighttext> данных. Знание основных библиотек и фреймворков машинного обучения (sklearn, scipy, numpy, pyspark...', 'responsibility': 'Выполнение функций <highlighttext>Data</highlighttext> <highlighttext>Scientist</highlighttext>-а при реализации проектов по предиктивной <highlighttext>аналитике</highlighttext> на промышленных предприятиях: Анализ производственных процессов и выработка требований...'}",2022-12-14,0,0,1,0,0,0,Moscow
97,97,Middle Data engineer,data engineer,middle,Новосибирск,0,other,1,0,"{'requirement': 'Знакомство с CI/CD, docker. * Знание принципов построения хранения данных (<highlighttext>Data</highlighttext> Lake, DWH). * Знание Git/GitLab. * Владение bash. * ', 'responsibility': 'Анализ требований к витринам данных (взаимодействие с владельцем продукта, BI-разработчиками, <highlighttext>data</highlighttext> <highlighttext>scientist</highlighttext>, <highlighttext>data</highlighttext> <highlighttext>analyst</highlighttext>). Поиск и исследование источников данных...'}",2022-11-21,0,0,1,0,1,0,Novosibirsk
98,98,Middle data scientist,data scientist,middle,Москва,0,other,1,0,"{'requirement': 'Мы работаем на результат, а не на применение/реализацию софта. Задачи предполагают много анализа данных и проверок гипотез в процессе...', 'responsibility': 'Развитие моделей антифрода. Сегментация клиентов. Развитие моделей клиентского центра. Сложная визуализация данных.'}",2022-11-25,0,0,1,0,0,0,Moscow
99,99,Middle Data Scientist,data scientist,middle,Москва,0,other,1,0,"{'requirement': 'Имеете опыт работы в DS от 3x лет. Хорошо владеете Python. Владеете SQL: мы используем ClickHouse для просмотра разных...', 'responsibility': 'Классификация интентов и сентимент-анализ: обучение моделей, тестирование и мониторинг в проде. NER и slot-filling: улучшение существующих алгоритмов и...'}",2022-12-05,1,1,1,0,0,0,Moscow
100,100,Middle Data Scientist (Big Data),data scientist,middle,Москва,1,other,1,0,"{'requirement': 'Уверенное знание математики, алгоритмов машинного обучения, статистики, алгоритмов и структур данных. Уверенное владение sql (Oracle/PostgreSQL). Классический стек на python...', 'responsibility': 'Проведение Proof-of-Concept по возможности построения моделей, решающих конкретные бизнес-задачи (например, подтвердить возможность выделение из разговора с клиентом...'}",2022-12-09,0,1,1,0,0,0,Moscow
101,101,Middle Data scientist / Аналитик (Нижний Новгород),data scientist,middle,Нижний Новгород,1,other,1,0,"{'requirement': 'Серьезную математическую подготовку. Опыт применения методов статистического анализа и моделирования. Опыт работы с алгоритмами машинного обучения. Уверенное знание языка Python...', 'responsibility': '...работы моделей и их валидация. Анализ рисковой отчетности работы компании и подготовка рекомендаций. Участие в проектах внутри команды риск-<highlighttext>аналитиков</highlighttext>.'}",2022-11-28,1,0,1,0,0,0,Nizhny Novgorod
102,102,ML engineer/Data engineer,data engineer,unknown,Москва,0,СБЕР,1,0,"{'requirement': 'Не менее 3 лет работы в качестве <highlighttext>Data</highlighttext> Engineer/<highlighttext>Data</highlighttext> <highlighttext>Analyst</highlighttext>/<highlighttext>Data</highlighttext> <highlighttext>Scientist</highlighttext>. Продвинутые знания SQL и Python: опыт разработки...', 'responsibility': 'Предоставление экспертной поддержки D-people (Engineer/<highlighttext>Analyst</highlighttext>/<highlighttext>Scientist</highlighttext>) трайба в части оптимизации запросов, хранения данных и т.д. '}",2022-12-14,1,1,1,0,0,0,Moscow
103,103,ML-разработчик (Data Scientist),data scientist,unknown,Москва,0,other,1,1,"{'requirement': 'Умеет писать качественный и понятный код на Python. Владеет опытом работы с БД: MS SQL, PostgreSQL. Умеет строить модели машинного...', 'responsibility': 'Разработка и поддержка моделей машинного обучения на ключевых проектах. Взаимодействие с внутренними и внешними заказчиками в рамках постановки задачи, пилотирования...'}",2022-12-06,1,1,1,0,0,0,Moscow
104,104,Quant / Data Scientist (Руководитель направления Управление рисками),data scientist,unknown,Москва,0,other,1,0,"{'requirement': 'Желательно наличие профессиональных сертификатов (CFA, CQF, FRM). Опыт работы на связанных с количественной <highlighttext>аналитикой</highlighttext> позициях в финансовой сфере. ', 'responsibility': 'Доработка существующих моделей оценки ипотечных ценных бумаг и связанных деривативов (python): - Развитие внутренней симуляционной OAS модели. - Участие в калибровке моделей...'}",2022-12-12,0,0,1,0,0,0,Moscow
105,105,Senior Аналитик / Senior Data Science (Москва),data scientist,senior,Москва,1,other,1,0,"{'requirement': 'Серьезную математическую подготовку. Опыт применения методов статистического анализа и моделирования. Опыт работы с алгоритмами машинного обучения. Уверенное знание языка Python...', 'responsibility': 'Анализ рисковой отчетности работы компании и подготовка рекомендаций. Участие в проектах внутри команды риск-<highlighttext>аналитиков</highlighttext>. Наставничество команды риск моделистов.'}",2022-11-30,1,0,1,0,0,0,Moscow
106,106,Senior Data Analyst,data analyst,senior,Москва,0,СБЕР,1,0,"{'requirement': 'Знание SQL на уровне написания сложных запросов. Работа в сфере обработки и анализа данных не менее 2-х лет. ', 'responsibility': '...и требований на автоматизацию BI <highlighttext>аналитики</highlighttext> (отдельная команда). Взаимодействие со смежными подразделениями (<highlighttext>Data</highlighttext> Engineers, <highlighttext>Data</highlighttext> <highlighttext>Scientists</highlighttext>, продуктовыми командами) с целью...'}",2022-12-15,0,1,1,0,0,0,Moscow
107,107,Senior Data Analyst,data analyst,senior,Москва,0,СБЕР,1,0,"{'requirement': 'Знаешь основы математической статистики. Имеешь опыт работы в <highlighttext>Data</highlighttext> Science/<highlighttext>Data</highlighttext> Analytics проектах. Обладаешь опытом анализа данных с помощью Python. ', 'responsibility': 'Формировать и актуализировать бэклог команды. Взаимодействовать со смежными командами (<highlighttext>Data</highlighttext> <highlighttext>Scientists</highlighttext>, разработчики, команда асессоров). Расширять онтологию фактов для юридического домена. '}",2022-11-28,1,0,1,0,0,0,Moscow
108,108,Senior Data Engineer,data engineer,senior,Москва,0,other,1,0,"{'requirement': 'At least 3 years of relevant experience as a <highlighttext>Data</highlighttext> Engineer, <highlighttext>Data</highlighttext> <highlighttext>Analyst</highlighttext>, ETL Developer etc. Advanced Python and SQL. ', 'responsibility': 'Massively extract <highlighttext>data</highlighttext> from variety of sources: RDBMS & NoSQL, API, RPC, unstructured <highlighttext>data</highlighttext>. Support <highlighttext>data</highlighttext> <highlighttext>analysts</highlighttext> and <highlighttext>data</highlighttext> <highlighttext>scientists</highlighttext> with...'}",2022-12-14,1,1,1,0,0,0,Moscow
109,109,Senior Data Scientist,data scientist,senior,Москва,0,other,1,0,"{'requirement': 'Высшее: математическое, IT, техническое. Дополнительное образование и курсы в области <highlighttext>data</highlighttext> science: Coursera, Udacity, CS229 и т.д.. ', 'responsibility': 'Построение моделей выбора наилучшего места для вышек сотовой связи (Smart Capex), прогнозирование нагрузки на вышки (Smart Capacity). Гео-<highlighttext>аналитика</highlighttext> перемещения...'}",2022-12-16,0,0,1,0,0,0,Moscow
110,110,Senior Data scientist,data scientist,senior,Москва,0,other,1,0,"{'requirement': 'Мы инвестируем в продукты на основе машинного, глубокого обучения, математической оптимизации. — Участвовать в планировании, оценивать сроки и уметь их выдерживать. — ', 'responsibility': 'Разрабатывать модели машинного, глубокого обучения. — Разрабатывать гибридные детерминировано-статистические модели. — Совместно с <highlighttext>аналитиками</highlighttext> прорабатывать сложную логику реализации моделей оборудования и...'}",2022-12-12,0,0,1,0,0,0,Moscow
111,111,Senior Data Scientist,data scientist,senior,Казань,0,other,1,1,"{'requirement': 'Владение техниками и алгоритмами машинного обучения, фокус на прогнозную <highlighttext>аналитику</highlighttext> (Predictive Analytics) и работу с естественным языком (NLP). ', 'responsibility': 'Исследовать данные. Работать с видео и текстом. Прогнозировать, классифицировать, сегментировать. Автоматизировать выявление мошенничества. Выводить модели в прод. И многое другое...'}",2022-11-30,0,0,1,0,0,0,Kazan
112,112,Senior Data Scientist,data scientist,senior,Москва,0,other,1,0,"{'requirement': 'Высшее техническое образование. Участие в коммерческой разработке программных систем в роли разработчика. Широкий IT и AI кругозор. Python, опыт анализа...', 'responsibility': 'Участие в постановке задач, подготовке ТЗ совместно с <highlighttext>аналитиками</highlighttext>. - Участие в разработке интеллектуальных модулей совместно с разработчиками. - Участие в разработке...'}",2022-11-30,1,0,1,0,0,0,Moscow
113,113,Senior Data Scientist (удаленно),data scientist,senior,Москва,0,other,0,0,"{'requirement': 'Имел опыт работы в <highlighttext>аналитике</highlighttext>/<highlighttext>data</highlighttext> science от 3-х лет. Умел самостоятельно вести проекты от начала и до конца. ', 'responsibility': 'Выявлять возможности применения машинного обучения (ML и DL) для улучшения финансовых показателей. Развивать аналитическую инфраструктуру. Исследовать и анализировать данные на...'}",2022-12-08,0,0,1,0,0,0,Moscow
114,114,Senior Data scientist (Управление рисками корпоративных клиентов),data scientist,senior,Москва,0,СБЕР,1,0,"{'requirement': 'Опыт работы с хранилищами данных от 1го года. Опыт работы в роли <highlighttext>аналитика</highlighttext> с функцией подготовки выгрузки данных для...', 'responsibility': 'Разрабатывать и улучшать инструменты для машинного обучения (внутренние наработки, библиотеки). Использовать прогнозное моделирование, чтобы оптимизировать бизнес риск метрики. '}",2022-12-20,0,0,1,0,0,0,Moscow
115,115,Senior Data scientist (NLP/NLU),data scientist,senior,Москва,0,other,1,0,"{'requirement': 'Отличные навыки работы с данными и <highlighttext>аналитикой</highlighttext>, позволяющие выявлять бизнес потребности и доступные решения для них, а так же максимально...', 'responsibility': None}",2022-12-17,0,0,1,0,0,0,Moscow
116,116,Senior Data Scientist (Rec. system),data scientist,senior,Москва,0,other,1,0,"{'requirement': 'Знание основ статистики. Понимание классических ML-алгоритмов. Опыт и понимание wink в DL (предпочтительнее pytorch). Понимание процесса исследования и внедрения...', 'responsibility': 'Исследование применимости различных алгоритмов в рекомендательной системе. Моделирование входных данных. Имплементация исследованных моделей.'}",2022-12-09,0,0,1,0,0,0,Moscow
117,117,Senior Data Scientist (Rec. system),data scientist,senior,Санкт-Петербург,0,other,1,0,"{'requirement': 'Знание основ статистики. Понимание классических ML-алгоритмов. Опыт и понимание wink в DL (предпочтительнее pytorch). Понимание процесса исследования и внедрения...', 'responsibility': 'Исследование применимости различных алгоритмов в рекомендательной системе. Моделирование входных данных. Имплементация исследованных моделей.'}",2022-12-09,0,0,1,0,0,0,Saint Petersburg
118,118,Senior Data Scientist в направление продаж,data scientist,senior,Иннополис,0,other,1,0,"{'requirement': 'Опыт работы в аналогичной роли от двух лет. Опыт решения задач и понимание работы алгоритмов NLP и Classic ML. ', 'responsibility': 'Составит дорожную карту применения <highlighttext>Data</highlighttext> Science в процессах продаж. Согласует с бизнесом и приоритизирует. Сам проверит и доведет до продакшена...'}",2022-11-29,0,0,1,0,0,0,Innopolis
119,119,Senior Data Scientist в направление продаж,data scientist,senior,Москва,0,other,1,0,"{'requirement': 'Опыт работы в аналогичной роли от двух лет. Опыт решения задач и понимание работы алгоритмов NLP и Classic ML. ', 'responsibility': 'Составит дорожную карту применения <highlighttext>Data</highlighttext> Science в процессах продаж. Согласует с бизнесом и приоритизирует. Сам проверит и доведет до продакшена...'}",2022-11-29,0,0,1,0,0,0,Moscow
120,120,Senior Data Scientist в направление продаж,data scientist,senior,Санкт-Петербург,0,other,1,0,"{'requirement': 'Опыт работы в аналогичной роли от двух лет. Опыт решения задач и понимание работы алгоритмов NLP и Classic ML. ', 'responsibility': 'Составит дорожную карту применения <highlighttext>Data</highlighttext> Science в процессах продаж. Согласует с бизнесом и приоритизирует. Сам проверит и доведет до продакшна...'}",2022-11-29,0,0,1,0,0,0,Saint Petersburg
121,121,Senior Data Scientist/Data Analyst,data scientist,senior,Москва,0,СБЕР,1,0,"{'requirement': 'Высшее образование (математика/информационные технологии). Опыт работы в области <highlighttext>Data</highlighttext> Science от одного года. Работа с данными. Знание SQL - простые...', 'responsibility': 'Анализ данных в целевых источниках для промышленного внедрения модели/ аналитического решения. Анализ данных и проверка гипотез при помощи инструментов программирования...'}",2022-12-15,0,1,1,0,0,0,Moscow
122,122,Supply Data Analyst,data analyst,unknown,Москва,0,other,1,0,"{'requirement': '...and updating <highlighttext>data</highlighttext>. Understanding of <highlighttext>data</highlighttext> warehousing, <highlighttext>data</highlighttext> cleaning, <highlighttext>data</highlighttext> pipelines and other analytical techniques required for <highlighttext>data</highlighttext> usage. ', 'responsibility': 'Finding and analyzing <highlighttext>data</highlighttext> needed for <highlighttext>Data</highlighttext> products, preparing technical requirements to develop <highlighttext>data</highlighttext> marts for <highlighttext>Data</highlighttext> Engineers. '}",2022-11-28,0,0,1,0,0,0,Moscow
123,123,Team Lead Data Science,data scientist,team lead,Санкт-Петербург,0,other,1,0,"{'requirement': 'Методы продвинутой <highlighttext>аналитики</highlighttext> и ML. Аналитическая культура и управление данными. SQL и Bl. Открытая база знаний по проектам и методам. ', 'responsibility': 'Технически лидировать команду <highlighttext>Data</highlighttext> <highlighttext>Scientist</highlighttext>-ов в решении кейсов бизнеса по направлениям создания рекомендательных систем и/или прогнозирования спроса: от...'}",2022-11-22,0,1,1,0,0,0,Saint Petersburg
124,124,Team lead Data scientist (проект Ucell),data scientist,team lead,Москва,0,other,1,0,"{'requirement': 'Опыт работы в области <highlighttext>Data</highlighttext> Science от трех лет и опыт управления <highlighttext>Data</highlighttext> Science командой от года. Наличие успешно завершенных...', 'responsibility': 'Постановка задач на команду <highlighttext>аналитиков</highlighttext> (в команду могут входить дата-сайнтисты, дата-инженеры, бизнес-<highlighttext>аналитики</highlighttext>) и обеспечение качества разработанных ML...'}",2022-12-19,0,0,1,0,0,0,Moscow
125,125,Аналитик в ЦК Управления Данными,data analyst,middle,Москва,0,other,1,1,"['Аналитик по данным', 'Средний (Middle)', 'SQL', 'Python']",2022-12-20,1,1,1,0,0,0,Moscow
126,126,Аналитик данных,data analyst,middle,unknown,0,other,1,1,"['Аналитик по данным', 'Средний (Middle)', 'SQL', 'Python', 'Анализ данных', 'PowerBI', 'R', 'Визуализация', 'Business intelligence']",2022-12-21,1,1,1,0,0,0,Unknown
127,127,Ведущий аналитик (качество данных\Data quality),data analyst,middle,Москва,0,Банк ВТБ,1,0,"['Аналитик по данным', 'Средний (Middle)', 'Анализ данных']",2022-12-23,0,0,1,0,0,0,Moscow
128,128,Ведущий аналитик (управление данными\Data Governance),data analyst,middle,Москва,0,Банк ВТБ,1,0,"['Аналитик по данным', 'Средний (Middle)', 'Анализ данных']",2022-12-23,0,0,1,0,0,0,Moscow
129,129,Инженер данных,data engineer,middle,unknown,0,other,1,1,"['Инженер по данным', 'Средний (Middle)', 'ETL']",2022-12-12,0,0,1,0,0,0,Unknown
130,130,Руководитель команды машинного обучения (ВК Видео),data engineer,team lead,Москва,0,VK,1,1,"['Учёный по данным', 'Ведущий (Lead)', 'Linux', 'Python', 'SQL', 'Apache Hadoop', 'Apache Spark', 'Машинное обучение', 'Управление разработкой']",2022-12-20,1,1,1,1,0,0,Moscow
131,131,"Руководитель направления ""Персонализация"" (Data Science Team Lead)",data scientist,team lead,Москва,0,Sportmaster Lab,1,1,"['Учёный по данным', 'Ведущий (Lead)', 'SQL', 'Python', 'Управление разработкой', 'Управление людьми', 'Машинное обучение']",2022-12-21,1,1,1,0,0,0,Moscow
132,132,"Руководитель направления ""Персонализация"" (Data Science Team Lead)",data scientist,team lead,Санкт-Петербург,0,Sportmaster Lab,1,1,"['Учёный по данным', 'Ведущий (Lead)', 'SQL', 'Python', 'Управление разработкой', 'Управление людьми', 'Машинное обучение']",2022-12-21,1,1,1,0,0,0,Saint Petersburg
133,133,"Руководитель направления ""Персонализация"" (Data Science Team Lead)",data scientist,team lead,Краснодар,0,Sportmaster Lab,1,1,"['Учёный по данным', 'Ведущий (Lead)', 'SQL', 'Python', 'Управление разработкой', 'Управление людьми', 'Машинное обучение']",2022-12-21,1,1,1,0,0,0,Krasnodar
134,134,"Руководитель направления ""Прогнозирование"" (Data Science Team Lead)",data scientist,team lead,Москва,0,Sportmaster Lab,1,1,"['Учёный по данным', 'Ведущий (Lead)', 'SQL', 'Python', 'Управление разработкой', 'Управление людьми', 'Машинное обучение']",2022-12-23,1,1,1,0,0,0,Moscow
135,135,"Руководитель направления ""Прогнозирование"" (Data Science Team Lead)",data scientist,team lead,Санкт-Петербург,0,Sportmaster Lab,1,1,"['Учёный по данным', 'Ведущий (Lead)', 'SQL', 'Python', 'Управление разработкой', 'Управление людьми', 'Машинное обучение']",2022-12-23,1,1,1,0,0,0,Saint Petersburg
136,136,"Руководитель направления ""Прогнозирование"" (Data Science Team Lead)",data scientist,team lead,Новосибирск,0,Sportmaster Lab,1,1,"['Учёный по данным', 'Ведущий (Lead)', 'SQL', 'Python', 'Управление разработкой', 'Управление людьми', 'Машинное обучение']",2022-12-23,1,1,1,0,0,0,Novosibirsk
137,137,"Руководитель направления ""Ценообразование"" (Data Science Team Lead)",data scientist,team lead,Москва,0,Sportmaster Lab,1,1,"['Учёный по данным', 'Ведущий (Lead)', 'SQL', 'Python', 'Управление разработкой', 'Управление людьми', 'Машинное обучение']",2022-12-23,1,1,1,0,0,0,Moscow
138,138,"Руководитель направления ""Ценообразование"" (Data Science Team Lead)",data scientist,team lead,Санкт-Петербург,0,Sportmaster Lab,1,1,"['Учёный по данным', 'Ведущий (Lead)', 'SQL', 'Python', 'Управление разработкой', 'Управление людьми', 'Машинное обучение']",2022-12-23,1,1,1,0,0,0,Saint Petersburg
139,139,"Руководитель направления ""Ценообразование"" (Data Science Team Lead)",data scientist,team lead,Казань,0,Sportmaster Lab,1,1,"['Учёный по данным', 'Ведущий (Lead)', 'SQL', 'Python', 'Управление разработкой', 'Управление людьми', 'Машинное обучение']",2022-12-23,1,1,1,0,0,0,Kazan
140,140,Специалист Data Science,data scientist,senior,Набережные Челны,1,other,1,1,"['Учёный по данным', 'Старший (Senior)', 'SQL', 'Python', 'Базы данных', 'Git']",2022-12-22,1,1,1,0,1,0,Naberezhnye Chelny
141,141,Техлид (ETL),data scientist,senior,Санкт-Петербург,0,other,0,0,"['Аналитик по данным', 'Старший (Senior)', 'ETL', 'BPMN', 'UML']",2022-12-23,0,0,1,0,0,0,Saint Petersburg
142,142,Business Data Engineer,data engineer,unknown,Москва,0,other,1,1,"['Инженер по данным', 'Python', 'SQL', 'DWH', 'ETL', 'Apache Airflow']",2022-12-20,1,1,1,1,0,0,Moscow
143,143,Data / ML Engineer (Персонализация),data engineer,middle,unknown,0,Sportmaster Lab,1,1,"['Инженер по данным', 'Средний (Middle)', 'Python', 'SQL', 'Linux']",2022-12-19,1,1,1,0,0,0,Unknown
144,144,Data аналитик [Task Mining],data analyst,middle,unknown,0,other,1,1,"['Аналитик по данным', 'Средний (Middle)', 'ClickHouse', 'SQL', 'Python', 'Tableau', 'PowerBI', 'Анализ данных', 'Визуализация']",2022-12-22,1,1,1,0,0,0,Unknown
145,145,Data инженер,data engineer,middle,Москва,0,other,1,1,"['Инженер по данным', 'Средний (Middle)', 'SQL', 'Базы данных', 'Высоконагруженные системы']",2022-12-23,0,1,1,0,0,0,Moscow
146,146,Data инженер,data engineer,middle,Москва,0,other,1,1,"['Инженер по данным', 'Средний (Middle)', 'SQL', 'PostgreSQL', 'Python', 'Apache Airflow']",2022-12-19,1,1,1,1,0,0,Moscow
147,147,Data инженер,data engineer,middle,Екатеринбург,0,other,1,1,"['Инженер по данным', 'Средний (Middle)', 'SQL', 'PostgreSQL', 'Python', 'Apache Airflow']",2022-12-19,1,1,1,1,0,0,Ekaterinburg
148,148,DATA инженер,data engineer,senior,unknown,1,other,1,1,"['Инженер по данным', 'Старший (Senior)', 'Python', 'SQL', 'Pandas', 'PyTorch', 'PowerBI']",2022-12-22,1,1,1,0,0,0,Unknown
149,149,Data analyst,data analyst,middle,unknown,0,Банк ВТБ,1,1,"['Аналитик по данным', 'Средний (Middle)', 'SQL', 'Python', 'Базы данных']",2022-12-18,1,1,1,0,0,0,Unknown
150,150,Data analyst,data analyst,senior,Москва,0,СБЕР,1,0,"['Аналитик по данным', 'Старший (Senior)', 'SQL', 'Python']",2022-12-19,1,1,1,0,0,0,Moscow
151,151,Data Analyst,data analyst,senior,Ростов-на-Дону,0,Aston (ex. Andersen),1,1,"['Аналитик по данным', 'Старший (Senior)', 'SQL']",2022-12-22,0,1,1,0,0,0,Rostov-on-Don
152,152,Data Analyst,data analyst,senior,Ярославль,0,Aston (ex. Andersen),1,1,"['Аналитик по данным', 'Старший (Senior)', 'SQL']",2022-12-22,0,1,1,0,0,0,Yaroslavl
153,153,Data Analyst,data analyst,senior,Гомель,0,Aston (ex. Andersen),1,1,"['Аналитик по данным', 'Старший (Senior)', 'SQL']",2022-12-22,0,1,1,0,0,0,Gomel
154,154,Data Analyst (проект CVM),data analyst,middle,Москва,0,other,1,1,"['Аналитик по данным', 'Средний (Middle)', 'SQL', 'Python']",2022-12-18,1,1,1,0,0,0,Moscow
155,155,Data Analyst / Аналитик данных,data analyst,middle,Москва,1,other,1,1,"['Аналитик по данным', 'Средний (Middle)', 'Анализ данных', 'SQL', 'Python', 'Groovy', 'Bash', 'Apache']",2022-12-23,1,1,1,1,0,0,Moscow
156,156,Data engineer,data engineer,junior,unknown,0,other,1,1,"['Инженер по данным', 'Младший (Junior)', 'SQL', 'Python', 'ETL', 'Apache Airflow', 'Jupyter Notebook', 'NumPy', 'Pandas']",2022-12-20,1,1,1,1,0,0,Unknown
157,157,Data Engineer,data engineer,middle,Санкт-Петербург,0,Sportmaster Lab,1,1,"['Инженер по данным', 'Средний (Middle)', 'Apache Hadoop', 'Apache Hadoop', 'Apache Airflow', 'Apache Airflow', 'Apache Kafka', 'Apache Kafka', 'Apache Spark', 'Apache Spark', 'Python', 'Python', 'SQL', 'SQL', 'Oracle', 'Oracle']",2022-12-21,1,1,1,1,0,0,Saint Petersburg
158,158,Data engineer,data engineer,middle,unknown,0,other,1,1,"['Инженер по данным', 'Средний (Middle)', 'DWH', 'Базы данных', 'SQL', 'Python']",2022-12-20,1,1,1,0,0,0,Unknown
159,159,Data Engineer,data engineer,middle,Москва,0,СБЕР,1,1,"['Инженер по данным', 'Средний (Middle)', 'Python', 'Apache Hadoop']",2022-12-20,1,0,1,1,0,0,Moscow
160,160,Data engineer,data engineer,middle,unknown,0,Sportmaster Lab,1,1,"['Инженер по данным', 'Средний (Middle)', 'Python', 'Apache Spark', 'Apache Hadoop', 'ETL', 'SQL']",2022-12-20,1,1,1,1,0,0,Unknown
161,161,Data Engineer,data engineer,middle,unknown,0,other,0,0,"['Инженер по данным', 'Средний (Middle)', 'Scala', 'Python', 'Базы данных', 'SQL', 'Apache Spark', 'Apache Airflow', 'ETL']",2022-12-20,1,1,1,1,0,0,Unknown
162,162,Data engineer,data engineer,middle,unknown,1,other,1,1,"['Инженер по данным', 'Средний (Middle)', 'SQL', 'PostgreSQL', 'Linux', 'Python', 'ETL', 'Apache Airflow', 'R']",2022-12-18,1,1,1,1,0,0,Unknown
163,163,Data Engineer,data engineer,middle,unknown,1,other,1,1,"['Инженер по данным', 'Средний (Middle)', 'SQL', 'PostgreSQL', 'Python', 'ClickHouse', 'Apache Airflow', 'Tableau']",2022-12-22,1,1,1,1,0,0,Unknown
164,164,Data engineer,data engineer,middle,Москва,1,other,1,1,"['Инженер по данным', 'Средний (Middle)', 'SQL', 'Python', 'ООП', 'Java', 'Scala']",2022-11-28,1,1,1,0,0,1,Moscow
165,165,Data engineer,data engineer,senior,Казань,0,Sportmaster Lab,1,1,"['Инженер по данным', 'Старший (Senior)', 'Apache Hadoop', 'Apache Spark', 'Apache Kafka']",2022-12-23,0,0,1,1,0,0,Kazan
166,166,Data engineer,data engineer,senior,Москва,0,Sportmaster Lab,1,1,"['Инженер по данным', 'Старший (Senior)', 'Apache Hadoop', 'Apache Spark', 'Apache Kafka']",2022-12-23,0,0,1,1,0,0,Moscow
167,167,Data Engineer,data engineer,senior,Санкт-Петербург,0,Aston (ex. Andersen),1,1,"['Инженер по данным', 'Старший (Senior)', 'MongoDB', 'ETL']",2022-12-22,0,0,1,0,0,0,Saint Petersburg
168,168,Data Engineer,data engineer,senior,Казань,0,Aston (ex. Andersen),1,1,"['Инженер по данным', 'Старший (Senior)', 'MongoDB', 'ETL']",2022-12-22,0,0,1,0,0,0,Kazan
169,169,Data Engineer,data engineer,senior,Гомель,0,Aston (ex. Andersen),1,1,"['Инженер по данным', 'Старший (Senior)', 'MongoDB', 'ETL']",2022-12-22,0,0,1,0,0,0,Gomel
170,170,Data engineer,data engineer,senior,Москва,1,other,1,1,"['Инженер по данным', 'Старший (Senior)', 'PostgreSQL', 'Python', 'Linux']",2022-12-21,1,1,1,0,0,0,Moscow
171,171,Data Engineer,data engineer,senior,Москва,0,other,1,1,"['Инженер по данным', 'Старший (Senior)', 'SQL', 'Apache Airflow', 'FastAPI', 'Microsoft SQL', 'PostgreSQL', 'Kubernetes', 'Git', 'MongoDB', 'Bash', 'Python']",2022-12-23,1,1,1,1,1,0,Moscow
172,172,Data Engineer,data engineer,senior,Казань,0,Aston (ex. Andersen),1,1,"['Инженер по данным', 'Старший (Senior)', 'SQL', 'DWH', 'PostgreSQL']",2022-12-18,0,1,1,0,0,0,Kazan
173,173,Data Engineer,data engineer,senior,Минск,0,Aston (ex. Andersen),1,1,"['Инженер по данным', 'Старший (Senior)', 'SQL', 'DWH', 'PostgreSQL']",2022-12-18,0,1,1,0,0,0,Minsk
174,174,Data Engineer,data engineer,senior,Нижний Новгород,0,Aston (ex. Andersen),1,1,"['Инженер по данным', 'Старший (Senior)', 'SQL', 'DWH', 'PostgreSQL']",2022-12-18,0,1,1,0,0,0,Nizhny Novgorod
175,175,Data Engineer,data engineer,unknown,Москва,0,other,1,0,"['Инженер по данным', 'T-SQL', 'Microsoft SQL', 'ETL', 'DWH', 'PowerBI']",2022-12-23,0,1,1,0,0,0,Moscow
176,176,Data engineer (ДИР),data engineer,senior,unknown,0,other,1,1,"['Инженер по данным', 'Старший (Senior)', 'ETL', 'DWH', 'Python', 'SQL', 'Apache Airflow', 'SAS']",2022-12-18,1,1,1,1,0,0,Unknown
177,177,Data engineer (Senior),data engineer,senior,Санкт-Петербург,0,Sportmaster Lab,1,1,"['Инженер по данным', 'Старший (Senior)', 'Apache Hadoop', 'Apache Spark', 'Apache Airflow', 'Apache Kafka', 'Oracle', 'Python', 'SQL', 'Большие данные']",2022-12-19,1,1,1,1,0,0,Saint Petersburg
178,178,Data engineer (Senior),data engineer,senior,Екатеринбург,0,Sportmaster Lab,1,1,"['Инженер по данным', 'Старший (Senior)', 'Apache Hadoop', 'Apache Spark', 'Apache Airflow', 'Apache Kafka', 'Oracle', 'Python', 'SQL', 'Большие данные']",2022-12-19,1,1,1,1,0,0,Ekaterinburg
179,179,Data engineer (Senior),data engineer,senior,Казань,0,Sportmaster Lab,1,1,"['Инженер по данным', 'Старший (Senior)', 'Apache Hadoop', 'Apache Spark', 'Apache Airflow', 'Apache Kafka', 'Oracle', 'Python', 'SQL', 'Большие данные']",2022-12-19,1,1,1,1,0,0,Kazan
180,180,Data engineer (Senior),data engineer,senior,unknown,0,Sportmaster Lab,0,1,"['Инженер по данным', 'Старший (Senior)', 'Python', 'Apache Airflow', 'Apache Spark', 'Apache Hadoop']",2022-12-20,1,0,1,1,0,0,Unknown
181,181,Data engineer (Senior),data engineer,senior,Краснодар,0,Sportmaster Lab,1,1,"['Инженер по данным', 'Старший (Senior)', 'Python', 'Apache Spark', 'Apache Hadoop', 'Apache Airflow']",2022-12-20,1,0,1,1,0,0,Krasnodar
182,182,"Data Engineer (SQL, DWH)",data engineer,senior,unknown,0,other,1,1,"['Инженер по данным', 'Старший (Senior)', 'SQL', 'Git', 'ETL', 'DWH']",2022-12-20,0,1,1,0,1,0,Unknown
183,183,Data Engineer middle/senior,data engineer,middle,Москва,0,other,1,0,"['Инженер по данным', 'Средний (Middle)', 'Python', 'Apache Spark', 'Apache Kafka', 'Apache Airflow', 'Kubernetes', 'Docker']",2022-12-02,1,0,1,1,0,0,Moscow
184,184,Data Engineer middle+,data engineer,middle,Москва,0,other,1,0,"['Инженер по данным', 'Средний (Middle)', 'Python', 'Java', 'Scala', 'Apache Spark']",2022-12-08,1,0,1,1,0,1,Moscow
185,185,Data Engineer middle+,data engineer,middle,Иннополис,0,other,1,0,"['Инженер по данным', 'Средний (Middle)', 'Python', 'Java', 'Scala', 'Apache Spark']",2022-12-08,1,0,1,1,0,1,Innopolis
186,186,Data Engineer/Support Engineer,data engineer,middle,Омск,0,СБЕР,1,0,"['Инженер по данным', 'Средний (Middle)', 'SQL']",2022-12-19,0,1,1,0,0,0,Omsk
187,187,Data Quality analyst,data analyst,middle,unknown,0,other,1,1,"['Аналитик по данным', 'Средний (Middle)', 'Git', 'Python', 'SQL']",2022-12-19,1,1,1,0,1,0,Unknown
188,188,Data Science,data scientist,middle,Москва,0,other,1,0,"['Аналитик по данным', 'Средний (Middle)', 'Python', 'Базы данных', 'Управление людьми']",2022-12-09,1,0,1,0,0,0,Moscow
189,189,Data scientist,data scientist,middle,unknown,0,other,1,1,"['Учёный по данным', 'Средний (Middle)', 'HTML']",2022-12-20,0,0,1,0,0,0,Unknown
190,190,Data scientist,data scientist,middle,unknown,0,other,1,1,"['Учёный по данным', 'Средний (Middle)', 'Python', 'Алгоритмы и структуры данных', 'Математика', 'Matlab', 'Computer Science', 'Машинное обучение', 'Нейронные сети', 'PyTorch', 'Deep Learning', 'Математическое моделирование']",2022-12-14,1,0,1,0,0,0,Unknown
191,191,Data Scientist,data scientist,unknown,Москва,0,other,1,0,"['Учёный по данным', 'SQL', 'Python', 'Apache Hadoop', 'Базы данных', 'Машинное обучение', 'Анализ данных', 'Pandas', 'NumPy', 'Датамайнинг']",2022-12-20,1,1,1,1,0,0,Moscow
192,192,Data scientist (Антиспам),data scientist,unknown,Москва,0,VK,1,0,"['Учёный по данным', 'Python', 'Java', 'Apache Spark', 'Apache Hadoop']",2022-12-19,1,0,1,1,0,1,Moscow
193,193,Data scientist (Антиспам),data scientist,unknown,Санкт-Петербург,0,VK,1,0,"['Учёный по данным', 'Python', 'Java', 'Apache Spark', 'Apache Hadoop']",2022-12-19,1,0,1,1,0,1,Saint Petersburg
194,194,Data Scientist (оценка моделей),data scientist,unknown,unknown,0,other,1,1,"['Учёный по данным', 'Python', 'Машинное обучение']",2022-12-22,1,0,1,0,0,0,Unknown
195,195,Data scientist (Персонализация),data scientist,middle,Москва,0,Sportmaster Lab,1,0,"['Учёный по данным', 'Средний (Middle)', 'SQL', 'Python', 'Apache Spark', 'Oracle']",2022-12-21,1,1,1,1,0,0,Moscow
196,196,Data scientist (Персонализация),data scientist,middle,Санкт-Петербург,0,Sportmaster Lab,1,0,"['Учёный по данным', 'Средний (Middle)', 'SQL', 'Python', 'Apache Spark', 'Oracle']",2022-12-21,1,1,1,1,0,0,Saint Petersburg
197,197,Data Scientist (DMAG),data scientist,unknown,Москва,0,other,0,0,"['Учёный по данным', 'Машинное обучение']",2022-12-17,0,0,1,0,0,0,Moscow
198,198,Data Scientist (ML Space),data scientist,unknown,Москва,0,other,1,1,"['Учёный по данным', 'Python', 'Jira', 'Apache Spark']",2022-12-13,1,0,1,1,0,0,Moscow
199,199,Data scientist / Аналитик риск-моделей,data scientist,middle,Москва,1,other,1,1,"['Учёный по данным', 'Средний (Middle)', 'SQL', 'Python', 'Базы данных']",2022-12-08,1,1,1,0,0,0,Moscow
200,200,"Data scientist, Deep learning",data scientist,unknown,unknown,0,other,1,1,"['Учёный по данным', 'Python', 'Машинное обучение', 'Deep Learning', 'Нейронные сети']",2022-12-22,1,0,1,0,0,0,Unknown
201,201,"Data-аналитик команды ""Каналы продаж и обслуживания"" ",data analyst,middle,Москва,0,Банк ВТБ,1,0,"['Аналитик по данным', 'Средний (Middle)', 'SQL', 'MySQL', 'Базы данных', 'Microsoft SQL Server']",2022-12-23,0,1,1,0,0,0,Moscow
202,202,Data-инженер (команда Big Data Infrastructure),data engineer,senior,unknown,0,VK,1,0,"['Инженер по данным', 'Старший (Senior)', 'Apache Hadoop']",2022-12-19,0,0,1,1,0,0,Unknown
203,203,Data-инженер (команда Big Data Infrastructure),data engineer,senior,unknown,0,VK,1,0,"['Инженер по данным', 'Старший (Senior)', 'Apache Kafka', 'Apache Hadoop', 'Python', 'Java', 'Scala', 'ClickHouse', 'Apache Spark']",2022-12-20,1,0,1,1,0,1,Unknown
204,204,Data-инженер (проект SberID),data engineer,senior,Москва,0,СБЕР,0,0,"['Инженер по данным', 'Старший (Senior)', 'Scala', 'Apache Hadoop']",2022-12-19,0,0,1,1,0,0,Moscow
205,205,Data-scientist,data scientist,middle,Москва,1,СБЕР,1,0,"['Учёный по данным', 'Средний (Middle)', 'Git', 'SQL', 'Python', 'Машинное обучение', 'Jenkins', 'Базы данных']",2022-12-19,1,1,1,0,1,0,Moscow
206,206,Data-scientist в команду качества Геопоиска,data scientist,senior,Белград,0,other,1,1,"['Учёный по данным', 'Старший (Senior)', 'SQL', 'Python', 'Нейронные сети']",2022-12-23,1,1,1,0,0,0,Belgrade
207,207,DataEngineer (Дата-инженер/Специалист по работе с данными),data engineer,middle,unknown,0,other,1,1,"['Инженер по данным', 'Средний (Middle)', 'Python', 'Apache Spark', 'Apache Hadoop']",2022-12-20,1,0,1,1,0,0,Unknown
208,208,Junior Data Еngineer Управления модельных рисков и валидации,data engineer,junior,Москва,0,Банк ВТБ,1,1,"['Инженер по данным', 'Младший (Junior)', 'SQL', 'Python']",2022-12-24,1,1,1,0,0,0,Moscow
209,209,"Machine learning engineer (проект ""Группы"") в Одноклассники",data engineer,unknown,Москва,0,VK,1,0,"['Учёный по данным', 'Python', 'Java', 'Apache Spark', 'Apache Hadoop']",2022-12-19,1,0,1,1,0,1,Moscow
210,210,"Machine learning engineer (проект ""Группы"") в Одноклассники",data engineer,unknown,Санкт-Петербург,0,VK,1,0,"['Учёный по данным', 'Python', 'Java', 'Apache Spark', 'Apache Hadoop']",2022-12-19,1,0,1,1,0,1,Saint Petersburg
211,211,Middle Data Engineer (Process Mining),data engineer,middle,Москва,0,other,1,1,"['Инженер по данным', 'Средний (Middle)', 'Apache Airflow', 'SQL', 'Python']",2022-12-22,1,1,1,1,0,0,Moscow
212,212,Middle Data Scientist,data scientist,middle,Москва,0,other,1,0,"['Учёный по данным', 'Средний (Middle)', 'Python', 'SQL', 'Docker', 'PyTorch']",2022-12-05,1,1,1,0,0,0,Moscow
213,213,Middle Data Scientist,data scientist,middle,Иннополис,0,other,1,0,"['Учёный по данным', 'Средний (Middle)', 'Python', 'SQL', 'Docker', 'PyTorch']",2022-12-05,1,1,1,0,0,0,Innopolis
214,214,Middle+/Senior Data Analyst,data analyst,middle,unknown,0,other,0,1,"['Аналитик по данным', 'Анализ данных', 'PowerBI', 'Tableau', 'SQL']",2022-12-20,0,1,1,0,0,0,Unknown
215,215,ML engineer,data engineer,senior,Москва,1,other,1,1,"['Инженер по данным', 'Старший (Senior)', 'Python', 'FastAPI', 'Flash-программирование', 'Git', 'Bash', 'Apache Airflow', 'Docker']",2022-11-29,1,0,1,1,1,0,Moscow
216,216,Senior / Lead Data scientist,data scientist,senior,unknown,1,other,1,1,"['Учёный по данным', 'Старший (Senior)', 'SQL', 'Python', 'Базы данных']",2022-12-12,1,1,1,0,0,0,Unknown
217,217,Senior Data / ML Engineer (Персонализация),data engineer,senior,Москва,0,Sportmaster Lab,1,1,"['Инженер по данным', 'Старший (Senior)', 'Python', 'SQL', 'Linux']",2022-12-20,1,1,1,0,0,0,Moscow
218,218,Senior Data / ML Engineer (Персонализация),data engineer,senior,Санкт-Петербург,0,Sportmaster Lab,1,1,"['Инженер по данным', 'Старший (Senior)', 'Python', 'SQL', 'Linux']",2022-12-20,1,1,1,0,0,0,Saint Petersburg
219,219,Senior Data / ML Engineer (Персонализация),data engineer,senior,Новосибирск,0,Sportmaster Lab,1,1,"['Инженер по данным', 'Старший (Senior)', 'Python', 'SQL', 'Linux']",2022-12-20,1,1,1,0,0,0,Novosibirsk
220,220,Senior Data Engineer,data engineer,senior,Липецк,0,Sportmaster Lab,1,1,"['Инженер по данным', 'Старший (Senior)', 'Python', 'Apache Hadoop', 'Apache Spark', 'Apache Airflow', 'SQL']",2022-12-20,1,1,1,1,0,0,Lipetsk
221,221,Senior Data Engineer,data engineer,senior,Новосибирск,1,Sportmaster Lab,0,1,"['Инженер по данным', 'Старший (Senior)', 'Python', 'Apache Spark', 'Apache Hadoop', 'DWH', 'Apache Airflow']",2022-12-20,1,0,1,1,0,0,Novosibirsk
222,222,Senior Data engineer,data engineer,senior,Архангельск,0,Sportmaster Lab,1,1,"['Инженер по данным', 'Старший (Senior)', 'Python', 'Oracle', 'Apache Hadoop', 'Apache Airflow', 'Apache Kafka', 'Apache Spark', 'SQL', 'Большие данные']",2022-12-20,1,1,1,1,0,0,Arkhangelsk
223,223,Senior Data engineer,data engineer,senior,Москва,0,Sportmaster Lab,1,1,"['Инженер по данным', 'Старший (Senior)', 'Python', 'Oracle', 'Apache Hadoop', 'Apache Airflow', 'Apache Kafka', 'Apache Spark', 'SQL', 'Большие данные']",2022-12-21,1,1,1,1,0,0,Moscow
224,224,Senior Data Engineer (проект CVM),data engineer,senior,Москва,0,other,1,1,"['Инженер по данным', 'Старший (Senior)', 'Apache Spark', 'Python', 'SQL']",2022-12-18,1,1,1,1,0,0,Moscow
225,225,Senior Data Scientist (Promo forecast),data scientist,senior,Москва,0,other,1,1,"['Учёный по данным', 'Старший (Senior)', 'Python', 'Apache Spark', 'Базы данных', 'Linux', 'Oracle']",2022-12-19,1,0,1,1,0,0,Moscow
226,226,Team Lead Data Platform,data engineer,team lead,Москва,0,other,1,1,"['Инженер по данным', 'Ведущий (Lead)', 'Python', 'SQL', 'Git', 'Apache Hadoop', 'Apache Spark', 'Apache Airflow', 'Apache Kafka']",2022-11-28,1,1,1,1,1,0,Moscow
